{
	"credit": "Made with Blockbench",
	"textures": {
		"0": "./texture",
		"1": "block/lava_still",
		"particle": "./texture"
	},
	"elements": [
		{
			"from": [4.6, 0, 4],
			"to": [11.5, 7.5, 4.5],
			"rotation": {"angle": 0, "axis": "y", "origin": [7, 3, 9]},
			"faces": {
				"north": {"uv": [12.25, 0.25, 15.75, 4], "texture": "#0"},
				"east": {"uv": [8.25, 10.5, 8.5, 12.5], "texture": "#0"},
				"south": {"uv": [12.25, 0.25, 15.75, 3.75], "texture": "#0"},
				"west": {"uv": [12.25, 7.5, 12.25, 9.5], "texture": "#0"},
				"up": {"uv": [9.5, 3, 7.75, 2.75], "texture": "#0"},
				"down": {"uv": [16, 3.75, 12, 4], "texture": "#0"}
			}
		},
		{
			"from": [4, 7.5, 4],
			"to": [12, 8, 12],
			"rotation": {"angle": 0, "axis": "z", "origin": [9, 3, 7]},
			"faces": {
				"north": {"uv": [12, 0, 16, 0.25], "texture": "#0"},
				"east": {"uv": [12, 0, 16, 0.25], "texture": "#0"},
				"south": {"uv": [12, 0, 16, 0.25], "texture": "#0"},
				"west": {"uv": [12, 3.75, 16, 4], "texture": "#0"},
				"up": {"uv": [16, 4, 12, 0], "texture": "#0"},
				"down": {"uv": [16, 0, 12, 4], "texture": "#0"}
			}
		},
		{
			"from": [11.5, 0, 4],
			"to": [12, 7.5, 12],
			"rotation": {"angle": 0, "axis": "y", "origin": [7, 3, 7]},
			"faces": {
				"north": {"uv": [12, 0, 12.25, 4], "texture": "#0"},
				"east": {"uv": [12, 0.25, 16, 4], "texture": "#0"},
				"south": {"uv": [15.75, 0, 16, 4], "texture": "#0"},
				"west": {"uv": [12.25, 0.25, 15.75, 3.75], "texture": "#0"},
				"up": {"uv": [6, 9.5, 5.75, 7.5], "texture": "#0"},
				"down": {"uv": [16, 0, 15.75, 4], "texture": "#0"}
			}
		},
		{
			"from": [4, 0, 4],
			"to": [4.6, 8, 12],
			"rotation": {"angle": 0, "axis": "y", "origin": [9, 3, 9]},
			"faces": {
				"north": {"uv": [15.75, 0, 16, 4], "texture": "#0"},
				"east": {"uv": [12.25, 0.25, 15.75, 3.75], "texture": "#0"},
				"south": {"uv": [12, 0, 12.25, 4], "texture": "#0"},
				"west": {"uv": [12, 0, 16, 4], "texture": "#0"},
				"up": {"uv": [8, 2.75, 7.75, 0.75], "texture": "#0"},
				"down": {"uv": [12.25, 0, 12, 4], "texture": "#0"}
			}
		},
		{
			"from": [4.5, 0, 4.5],
			"to": [11.5, 0.5, 11.5],
			"rotation": {"angle": 0, "axis": "z", "origin": [9, -5, 7]},
			"faces": {
				"north": {"uv": [9.5, 3.25, 11.25, 3.5], "texture": "#0"},
				"east": {"uv": [9.25, 4.25, 11, 4.5], "texture": "#0"},
				"south": {"uv": [8.5, 7.5, 10.25, 7.75], "texture": "#0"},
				"west": {"uv": [0, 8, 1.75, 8.25], "texture": "#0"},
				"up": {"uv": [16, 4, 12, 0], "texture": "#0"},
				"down": {"uv": [15.75, 0.25, 12.25, 3.75], "texture": "#0"}
			}
		},
		{
			"from": [4.5, 0.5, 4.5],
			"to": [11.5, 2.6, 11.5],
			"rotation": {"angle": 0, "axis": "z", "origin": [9, -4.5, 7]},
			"faces": {
				"north": {"uv": [7, 0, 14, 2], "texture": "#1"},
				"east": {"uv": [7, 2, 14, 4], "texture": "#1"},
				"south": {"uv": [7, 4, 14, 6], "texture": "#1"},
				"west": {"uv": [7, 6, 14, 8], "texture": "#1"},
				"up": {"uv": [7, 7, 0, 0], "texture": "#1"},
				"down": {"uv": [7, 7, 0, 14], "texture": "#1"}
			}
		},
		{
			"from": [4.6, 0, 11.5],
			"to": [11.5, 7.5, 12],
			"rotation": {"angle": 0, "axis": "y", "origin": [9, 3, 7]},
			"faces": {
				"north": {"uv": [12.25, 0.25, 15.75, 3.75], "texture": "#0"},
				"east": {"uv": [2.75, 10, 3, 12], "texture": "#0"},
				"south": {"uv": [12.25, 0.25, 15.75, 4], "texture": "#0"},
				"west": {"uv": [4, 9.5, 4.25, 11.5], "texture": "#0"},
				"up": {"uv": [9.75, 1, 8, 0.75], "texture": "#0"},
				"down": {"uv": [16, 0, 12, 0.25], "texture": "#0"}
			}
		},
		{
			"from": [6.5, 8, 6.5],
			"to": [9.5, 19, 9.5],
			"rotation": {"angle": 0, "axis": "y", "origin": [7, 8.5, 7]},
			"faces": {
				"north": {"uv": [7.25, 8.75, 11.25, 16], "texture": "#0"},
				"east": {"uv": [7.25, 8.75, 11.25, 16], "texture": "#0"},
				"south": {"uv": [7.25, 8.75, 11.25, 16], "texture": "#0"},
				"west": {"uv": [7.25, 8.75, 11.25, 16], "texture": "#0"},
				"up": {"uv": [9.5, 8.5, 9, 8], "texture": "#0"},
				"down": {"uv": [8.5, 6.75, 8, 7.25], "texture": "#0"}
			}
		},
		{
			"from": [6.4, 18.1, 6.4],
			"to": [9.6, 19.1, 9.6],
			"rotation": {"angle": 0, "axis": "y", "origin": [7, 8.5, 7]},
			"faces": {
				"north": {"uv": [12, 8, 16, 9.5], "texture": "#0"},
				"east": {"uv": [12, 8, 16, 9.5], "texture": "#0"},
				"south": {"uv": [12, 8, 16, 9.5], "texture": "#0"},
				"west": {"uv": [12, 8, 16, 9.5], "texture": "#0"},
				"up": {"uv": [16, 8, 12, 4], "texture": "#0"},
				"down": {"uv": [16, 4, 12, 8], "texture": "#0"}
			}
		},
		{
			"from": [-2.5, -1, 6.5],
			"to": [3.5, 2, 9.5],
			"rotation": {"angle": -45, "axis": "z", "origin": [8, -0.5, 7]},
			"faces": {
				"north": {"uv": [0.25, 4.5, 7.5, 8.75], "texture": "#0"},
				"east": {"uv": [12, 4, 16, 8], "texture": "#0"},
				"south": {"uv": [0.25, 4.5, 7.5, 8.5], "texture": "#0"},
				"west": {"uv": [8.75, 4.25, 8.5, 4.5], "texture": "#0"},
				"up": {"uv": [7.5, 8.5, 0.25, 4.5], "texture": "#0"},
				"down": {"uv": [7.5, 4.5, 0.25, 8.5], "texture": "#0"}
			}
		},
		{
			"from": [2.75, -0.75, 6.75],
			"to": [6.25, 1.75, 9.25],
			"rotation": {"angle": -45, "axis": "z", "origin": [8, -0.5, 7]},
			"faces": {
				"north": {"uv": [7.75, 5.75, 8.5, 6.25], "texture": "#0"},
				"east": {"uv": [7.5, 5.75, 8, 6.25], "texture": "#0"},
				"south": {"uv": [7.75, 5.75, 8.5, 6.25], "texture": "#0"},
				"west": {"uv": [8, 5.75, 8.5, 6.25], "texture": "#0"},
				"up": {"uv": [8.5, 6.25, 7.75, 5.75], "texture": "#0"},
				"down": {"uv": [8.5, 5.75, 7.75, 6.25], "texture": "#0"}
			}
		},
		{
			"from": [-2.6, -1.4, 6.1],
			"to": [-1.5, 2.4, 9.9],
			"rotation": {"angle": -45, "axis": "z", "origin": [8, -0.5, 7]},
			"faces": {
				"north": {"uv": [14.5, 9.5, 16, 13.5], "texture": "#0"},
				"east": {"uv": [12, 4, 16, 8], "texture": "#0"},
				"south": {"uv": [14.5, 9.5, 16, 13.5], "texture": "#0"},
				"west": {"uv": [12, 4, 16, 8], "texture": "#0"},
				"up": {"uv": [16, 13.5, 14.5, 9.5], "texture": "#0"},
				"down": {"uv": [16, 9.5, 14.5, 13.5], "texture": "#0"}
			}
		}
	],
	"display": {
		"thirdperson_righthand": {
			"rotation": [-138.03, -60.15, 176.75],
			"translation": [-1.5, 4, 1.75],
			"scale": [0.52539, 0.52539, 0.52539]
		},
		"thirdperson_lefthand": {
			"rotation": [-138.03, -60.15, 176.75],
			"translation": [-1.5, 4, 1.75],
			"scale": [0.52539, 0.52539, 0.52539]
		},
		"firstperson_righthand": {
			"rotation": [170.76, -4.11, 155.83],
			"translation": [-1.37, 3.45, 1.88],
			"scale": [0.56672, 0.56672, 0.56672]
		},
		"firstperson_lefthand": {
			"rotation": [170.76, -4.11, 155.83],
			"translation": [-1.37, 3.45, 1.88],
			"scale": [0.56672, 0.56672, 0.56672]
		},
		"ground": {
			"translation": [0, 5, 0]
		},
		"gui": {
			"rotation": [-180, 58.5, -180],
			"translation": [0, -1.25, 0],
			"scale": [0.81445, 0.81445, 0.81445]
		},
		"fixed": {
			"rotation": [-90.45, -0.16, -0.46],
			"translation": [0, 0, -18.25],
			"scale": [2.34375, 2.34375, 2.34375]
		}
	},
	"groups": [
		{
			"name": "bong",
			"origin": [8, 8, 8],
			"color": 0,
			"children": [
				{
					"name": "group",
					"origin": [9, 3, 7],
					"color": 0,
					"children": [0, 1, 2, 3, 4, 5, 6]
				},
				7,
				8,
				9,
				10,
				11
			]
		}
	]
}